quarter_end,beta_mortgage_m2_less_base,se_mortgage_m2_less_base,beta_mortgage_base,se_mortgage_base,beta_consumer_m2_less_base,se_consumer_m2_less_base,beta_consumer_base,se_consumer_base,beta_business_m2_less_base,se_business_m2_less_base,beta_business_base,se_business_base
1959-09-30,,,,,,,,,-0.04034474153509171,0.2183125839382932,-0.0076912610716261135,0.011515551425836833
1959-12-31,,,,,,,,,-0.03856199402246607,0.21543916607835226,-0.007691261015870476,0.011478317413035871
1960-03-31,,,,,,,,,-0.037631271071587924,0.2123849986830897,-0.007691261015888795,0.011483245629615889
1960-06-30,,,,,,,,,-0.0367931578675218,0.20917400287700771,-0.007691261019871165,0.01148306205559458
1960-09-30,,,,,,,,,-0.03762059130486245,0.20613618368356462,-0.007691261008471062,0.011483061786187847
1960-12-31,,,,,,,,,-0.0366277049589297,0.20268778861009626,-0.007691260991047166,0.01148306151707248
1961-03-31,,,,,,,,,-0.039295511788063564,0.20032087653153555,-0.007691260972656655,0.011483061247950486
1961-06-30,,,,,,,,,-0.037715657076711484,0.1975061846586595,-0.007691260956176976,0.011483060978824528
1961-09-30,,,,,,,,,-0.0376554856420675,0.19595397255149996,-0.007691260936571603,0.011483060710698047
1961-12-31,,,,,,,,,-0.03506975635535958,0.19430807850697168,-0.007691260912550318,0.011483060442693668
1962-03-31,,,,,,,,,-0.03636897495004676,0.1922584987443585,-0.007691260900577368,0.01148306017480165
1962-06-30,,,,,,,,,-0.03470704809203895,0.18961856788538978,-0.007691260867734834,0.011483059908095896
1962-09-30,,,,,,,,,-0.0376699135382374,0.1888172683018963,-0.007691260822863477,0.011483059642487208
1962-12-31,,,,,,,,,-0.03967315765553481,0.1875361030610844,-0.007691260775458855,0.011483059377163976
1963-03-31,,,,,,,,,-0.04414656010389295,0.18578103437280372,-0.0076912607320708815,0.01148305911183081
1963-06-30,,,,,,,,,-0.04634023532458742,0.18393313964356553,-0.0076912606818814455,0.011483058846839138
1963-09-30,,,,,,,,,-0.047319962768981705,0.18313970071934788,-0.007691260636547292,0.011483058582651444
1963-12-31,,,,,,,,,-0.045859526956487096,0.18209094679084895,-0.0076912605833293485,0.011483058318731787
1964-03-31,,,,,,,,,-0.048679026149791305,0.1809891665768351,-0.007691260539439235,0.01148305805482303
1964-06-30,,,,,,,,,-0.049015162209266605,0.17934681441790049,-0.007691260476185971,0.011483057792144771
1964-09-30,,,,,,,,,-0.049359174956691954,0.1779535332924411,-0.007691260414105644,0.011483057530332314
1964-12-31,,,,,,,,,-0.04855288447713896,0.17617405107025777,-0.007691260347774273,0.01148305726873518
1965-03-31,,,,,,,,,-0.04897373098384772,0.1749068475786131,-0.007691260284413734,0.011483057007238603
1965-06-30,,,,,,,,,-0.05109227425702184,0.17310905032679932,-0.007691260234225408,0.0114830567465478
1965-09-30,,,,,,,,,-0.0528420179289944,0.17199815426605572,-0.007691260185709536,0.011483056486533758
1965-12-31,,,,,,,,,-0.05373750619386769,0.1703492855656376,-0.007691260134204944,0.011483056226704846
1966-03-31,,,,,,,,,-0.05391962969482361,0.16898619983272692,-0.00769126008107416,0.011483055966857622
1966-06-30,,,,,,,,,-0.05517402527804305,0.16748182103697962,-0.007691260038482084,0.011483055708450578
1966-09-30,,,,,,,,,-0.06209415727054385,0.16668664959521742,-0.007691259980668663,0.011483055450818755
1966-12-31,,,,,,,,,-0.0689784249812308,0.16549054547625236,-0.007691259923665962,0.011483055193326546
1967-03-31,,,,,,,,,-0.07415077303696171,0.1639514411025184,-0.007691259849576131,0.01148305493594841
1967-06-30,,,,,,,,,-0.08001702964762442,0.16197229426317064,-0.007691259786839995,0.011483054679099375
1967-09-30,,,,,,,,,-0.08714040300334841,0.16045632826658543,-0.00769125972207229,0.011483054422717794
1967-12-31,,,,,,,,,-0.09352014680746393,0.1595539227980369,-0.007691259655035795,0.0114830541663474
1968-03-31,,,,,,,,,-0.09183229104528345,0.15928366022546145,-0.007691259565980393,0.011483053909986512
1968-06-30,,,,,,,,,-0.09405974843655457,0.1586220103624161,-0.007691259509929119,0.011483053654661995
1968-09-30,,,,,,,,,-0.09521200052432037,0.15775184241982906,-0.0076912594547837235,0.011483053399455993
1968-12-31,,,,,,,,,-0.09648181980322573,0.15660597361571302,-0.007691259400506335,0.011483053144352759
1969-03-31,,,,,,,,,-0.09864721933597845,0.15539623782753864,-0.0076912593487491535,0.011483052889294364
1969-06-30,,,,,,,,,-0.1005569781069538,0.1544252817521631,-0.007691259294557391,0.01148305263583285
1969-09-30,,,,,,,,,-0.1040170218966591,0.15370391323798915,-0.007691259236517853,0.011483052383184906
1969-12-31,,,,,,,,,-0.10683096049320948,0.15263304809110514,-0.00769125916965431,0.011483052130896248
1970-03-31,,,,,,,,,-0.10725923600745152,0.15130369130339885,-0.007691259097877101,0.011483051878548967
1970-06-30,,,,,,,,,-0.11257256495697579,0.14972026846062103,-0.007691259154148172,0.011483051627518474
1970-09-30,,,,,,,,,-0.11779662228308399,0.14785870129105316,-0.007691259211146034,0.011483051377395867
1970-12-31,,,,,,,,,-0.12071852028447172,0.1456174340588066,-0.007691259255301378,0.011483051127468486
1971-03-31,,,,,,,,,-0.11999773081485088,0.1442525007963825,-0.0076912592849299535,0.011483050877605127
1971-06-30,,,,,,,,,-0.11740779720136617,0.14228179540363853,-0.007691259307168868,0.011483050628254545
1971-09-30,,,,,,,,,-0.11574040406239808,0.1416543652949518,-0.007691259329566179,0.011483050378940702
1971-12-31,9.894443248590864e-05,0.028192382653581958,0.022748058450320886,0.01799994276625884,,,,,-0.11648027174991107,0.1417730771636983,-0.007691259354985051,0.011483050129845426
1972-03-31,9.894439232016605e-05,0.02819124458603386,0.022750425117552764,0.017913545106502355,,,,,-0.10967216676354022,0.14171219484712086,-0.007691259363810007,0.011483049880690694
1972-06-30,9.894438212765255e-05,0.028192080830718724,0.022745217570197207,0.017821714415044,,,,,-0.10748074562591839,0.14063369190193858,-0.007691259392645925,0.01148304963204401
1972-09-30,9.894447602232237e-05,0.028191133769256325,0.022739316325091075,0.017745371067782543,0.07077708263857559,0.04669825524993659,-0.010371705114510524,0.011626907341415112,-0.10133367287604786,0.14047688849000503,-0.007691259422056163,0.011483049383422454
1972-12-31,9.894454582592971e-05,0.028191133572752474,0.02273040337208798,0.017670114732986117,0.07077708250151593,0.04669816690823601,-0.010371704952050864,0.011630130192107568,-0.09208791370654981,0.13920276713750449,-0.007691259440784994,0.011483049135098664
1973-03-31,9.894454361210336e-05,0.028191133382934722,0.022714994898680646,0.01759449845334608,0.07077708255688431,0.04669869994411987,-0.010371704901400047,0.011624128842896323,-0.0834322668672526,0.1398253558090435,-0.007691259458638173,0.011483048886759727
1973-06-30,9.894450720804304e-05,0.028191133195536917,0.02269597552486824,0.01751854684357339,0.07077708247286818,0.0466986996164108,-0.010371704909717172,0.01162412999513115,-0.07900571551938475,0.14092973418473356,-0.007691259482639605,0.011483048638434544
1973-09-30,9.894450028966745e-05,0.028191133006712582,0.022675860046657254,0.01744237905794334,0.07077708235720959,0.046698699366886934,-0.01037170491272743,0.011624128925943278,-0.07492652976786947,0.1413773468002724,-0.007691259506079566,0.01148304839018985
1973-12-31,9.894450360788121e-05,0.028191132818546953,0.022659913442194007,0.01736650009362825,0.07077708226154356,0.04669869911798909,-0.010371704892564781,0.011624127858217512,-0.07628282832801299,0.14188696583619984,-0.007691259556614315,0.011483048142292753
1974-03-31,9.894449756490953e-05,0.02819113262983638,0.022633004124699707,0.01729017299481354,0.07077708216146034,0.046698698868142624,-0.010371704889592381,0.011624126790739838,-0.07770165305499951,0.14191253723972136,-0.007691259612218204,0.011483047894458023
1974-06-30,9.89444828802255e-05,0.028191132441320294,0.02260241558527598,0.017215174063847358,0.07077708208065081,0.046698698618863325,-0.010371704844645446,0.011624125726705424,-0.07873497626870607,0.14173634868168047,-0.0076912596681431595,0.011483047647743801
1974-09-30,9.894449348918366e-05,0.02819113225357278,0.022570861379989038,0.017140056530884337,0.07077708198087118,0.04669869837169945,-0.01037170479460825,0.011624124663316074,-0.0839565491007501,0.14177212507078293,-0.007691259720410428,0.011483047401190518
1974-12-31,9.894450207757755e-05,0.028191132065240074,0.022538173394687847,0.017066139259539103,0.07077708187292131,0.04669869812366631,-0.010371704803978588,0.011624123603789878,-0.08911636805513944,0.14136037714156244,-0.007691259775545127,0.011483047155582907
1975-03-31,9.894451356187023e-05,0.028191131876617745,0.022507441661301697,0.016991560369257492,0.07077708180306722,0.04669869787489381,-0.010371704752059618,0.011624122543863271,-0.09487162668188939,0.14055544972464654,-0.007691259833711112,0.011483046909837808
1975-06-30,9.894454309142264e-05,0.028191131686797807,0.022488714397103954,0.016917718103106175,0.07077708173860181,0.04669869762435363,-0.010371704681164107,0.0116241214866265,-0.09834800308482512,0.1392240213431126,-0.007691259873521978,0.011483046664597077
1975-09-30,9.894463661765801e-05,0.028191131497985352,0.02246137442887955,0.016845414897036278,0.0707770819476492,0.04669869737733728,-0.010371704846718427,0.011624120434450375,-0.09484425334153228,0.13841434754979276,-0.007691259938677135,0.011483046420691931
1975-12-31,9.894476599815738e-05,0.028191131315812665,0.022439916266732335,0.01677365191465736,0.07077708205011377,0.04669869713943478,-0.010371705086140437,0.011624119384272562,-0.08970025541757301,0.13961838996286297,-0.0076912599951992865,0.011483046177309704
1976-03-31,9.894484138600612e-05,0.028191131134611237,0.022415307400942504,0.016701363478619696,0.07077708207376232,0.04669869690186073,-0.010371705344004556,0.011624118333866559,-0.08059688222820659,0.14069943526048057,-0.0076912600478290065,0.011483045933870286
1976-06-30,9.894487063849544e-05,0.028191130951352165,0.0223762180309251,0.01663021040318071,0.07077708208926756,0.04669869666061485,-0.01037170561004662,0.011624117287437492,-0.06793111281580563,0.14074037710299042,-0.007691260082527464,0.01148304569141811
1976-09-30,9.894499979379301e-05,0.028191130771611415,0.02232841600388155,0.016559593755328377,0.07077708211458691,0.046698696425644406,-0.010371705878237297,0.01162411624340981,-0.05878149319999795,0.14189774649430031,-0.007691260113570311,0.011483045449565478
1976-12-31,9.894513434743901e-05,0.02819113058967406,0.022282957892100275,0.016489411197823566,0.07077708214918929,0.04669869618762208,-0.01037170613334197,0.011624115201345524,-0.04993275852393557,0.14205674312147235,-0.007691260147695857,0.011483045208259178
1977-03-31,9.89452741504554e-05,0.028191130408951732,0.022237963540603797,0.016418616252994706,0.07077708215342712,0.046698695950471984,-0.010371706398388844,0.011624114158882481,-0.04079237285759385,0.1421786502858075,-0.007691260181612876,0.011483044966867835
1977-06-30,9.894538272156583e-05,0.028191130230160868,0.02218655660028876,0.01634949562502377,0.07077708221729063,0.046698695716327294,-0.010371706606423309,0.011624113120934601,-0.03616538820073077,0.14270325500392803,-0.007691260235074236,0.011483044726837139
1977-09-30,9.894549270957065e-05,0.028191130054169972,0.022136321812236355,0.016280764669773583,0.07077708218065926,0.04669869548596151,-0.01037170677615612,0.011624112084872098,-0.030129490416735336,0.1441982731240847,-0.007691260290760964,0.011483044487361649
1977-12-31,9.894557114331626e-05,0.028191129877399822,0.0220784244303446,0.016212013240347517,0.07077708215097483,0.04669869525445879,-0.010371706937803468,0.011624111049749348,-0.022910247748437515,0.14517449496648882,-0.007691260343546587,0.01148304424815731
1978-03-31,9.894564078443552e-05,0.028191129700624092,0.02201859165986228,0.016142780649045764,0.0707770821381922,0.046698695022509305,-0.010371707083577642,0.011624110014720095,-0.021218429680870732,0.1458884850922676,-0.007691260415161386,0.011483044008984334
1978-06-30,9.894571075819147e-05,0.02819112952253901,0.021961327838131886,0.016075162927871724,0.07077708214349682,0.046698694789463244,-0.010371707181702619,0.011624108983800343,-0.019645612842354887,0.14604193466316617,-0.007691260490472621,0.011483043771028382
1978-09-30,9.894580381379636e-05,0.028191129344441474,0.02190270799401725,0.0160074568093336,0.07077708204503244,0.04669869455604376,-0.01037170724749559,0.011624107953666996,-0.01882860412458978,0.14605834717050256,-0.007691260565164625,0.011483043533316594
1978-12-31,9.894588096820423e-05,0.028191129166541127,0.021838363034987922,0.015940038060547383,0.07077708195320742,0.04669869432270977,-0.010371707303949124,0.011624106925346036,-0.014201529398364054,0.14588243532684958,-0.007691260615199681,0.01148304329609453
1979-03-31,9.894593209406471e-05,0.02819112898901918,0.0217672468432109,0.015871912454667597,0.07077708188987081,0.046698694090365755,-0.010371707333654792,0.011624105896260718,-0.009893359002850766,0.1456513440620034,-0.007691260666590137,0.011483043058764021
1979-06-30,9.894596391538113e-05,0.02819112881039881,0.021674011170974214,0.015807901243954342,0.07077708181812184,0.04669869385649615,-0.01037170741092959,0.011624104878206731,-0.006904791061268956,0.14482107245342501,-0.0076912607485292335,0.011483042824417557
1979-09-30,9.894603076851874e-05,0.028191128631874552,0.021574984875476447,0.015744706765259426,0.07077708172908606,0.04669869362304736,-0.010371707474874875,0.011624103863307153,-0.0045197040380969555,0.14390998326975185,-0.007691260828994354,0.011483042590938977
1979-12-31,9.89460875915095e-05,0.028191128455083113,0.021473782238473946,0.01568134184214035,0.07077708158380075,0.04669869339181608,-0.010371707600893402,0.011624102849278622,-0.0037130386293731388,0.14341739381421556,-0.007691260915568094,0.011483042357676628
1980-03-31,9.894611313025076e-05,0.028191128278530757,0.021363319133819433,0.015617698185285758,0.07077708139404601,0.04669869316104857,-0.010371707781763485,0.011624101835796818,-0.0011942216290804775,0.14276507091770366,-0.007691260996356071,0.011483042124699505
1980-06-30,9.894610278369381e-05,0.02819112810126451,0.021213039082896568,0.015555650442716801,0.07077708119707202,0.04669869292891573,-0.010371707989811577,0.011624100827522037,-0.0004431438991582548,0.1415657969917066,-0.007691261103029109,0.011483041892928406
1980-09-30,9.894620923855957e-05,0.028191127925465766,0.021048003528676307,0.015493790042216836,0.07077708121622212,0.046698692696938236,-0.010371708314271796,0.011624099820591136,0.007179109521336491,0.14062800835312592,-0.007691261224266416,0.011483041661695151
1980-12-31,9.894630464118981e-05,0.02819112774949186,0.020880023995042005,0.015431951032855365,0.07077708122500015,0.046698692466855915,-0.010371708653844791,0.011624098813240691,0.019630445766268212,0.13902809546708694,-0.007691261323681559,0.011483041431085545
1981-03-31,9.894633688178889e-05,0.028191127571459588,0.0207102479199736,0.015369634439775829,0.0707770812543469,0.04669869223716963,-0.010371708991497447,0.01162409780602941,0.02612130120937764,0.13830914650253293,-0.007691261425337249,0.011483041200468894
1981-06-30,9.894639330354504e-05,0.02819112739329858,0.02055190485279379,0.015307289256471434,0.07077708126497788,0.04669869200475655,-0.010371709355523576,0.011624096801175213,0.037101162732517595,0.13699922380099808,-0.007691261500212956,0.011483040970066555
1981-09-30,9.89464140079277e-05,0.028191127217583985,0.02040268126152825,0.015245832236871886,0.07077708123258578,0.04669869177862579,-0.010371709680513229,0.011624095801104937,0.035934461210622284,0.13611359815144258,-0.007691261539444626,0.011483040740589272
1981-12-31,9.89464617925373e-05,0.028191127041619822,0.020263604111584177,0.015184584218282752,0.07077708115706893,0.046698691550354006,-0.010371710059912477,0.011624094803651772,0.02974723401924572,0.13468070439109753,-0.007691261603046656,0.011483040511649093
1982-03-31,9.89464833912046e-05,0.028191126866672793,0.020123111858276407,0.01512271132735967,0.07077708114818036,0.04669869132319411,-0.010371710425031593,0.011624093805868752,0.027375557787346405,0.13303567025217983,-0.007691261663888466,0.01148304028264189
1982-06-30,9.894648406694184e-05,0.028191126693604174,0.019978222658998665,0.015062058819445036,0.07077708110282885,0.046698691099354,-0.010371710846941266,0.011624092811788877,0.024331641757559544,0.1316481315567041,-0.007691261729780652,0.011483040054838738
1982-09-30,9.894649611136286e-05,0.02819112651964607,0.01983296052225622,0.015002807164988394,0.0707770810567602,0.046698690873244166,-0.010371711276326863,0.011624091821701125,0.019039729306297118,0.1299488869760461,-0.007691261787735512,0.011483039828533213
1982-12-31,9.894665317357332e-05,0.028191126344472843,0.019746523995109608,0.014944359609898303,0.07077708106465458,0.0466986906466468,-0.01037171161996589,0.011624090834425319,0.012461891356541153,0.12773187961162852,-0.007691261851760404,0.011483039603101307
1983-03-31,9.89467718271464e-05,0.028191126167867873,0.01965460218476251,0.014885211192167921,0.07077708107114421,0.046698690418332106,-0.010371711961969989,0.011624089846632806,0.015973697753671877,0.12469116343181791,-0.007691261896158203,0.011483039377590473
1983-06-30,9.894703208238043e-05,0.02819112598647207,0.01962582218599887,0.014828043045186697,0.07077708112905642,0.046698690185721245,-0.010371712205686362,0.011624088865528872,0.015052793141479951,0.12040252242654302,-0.0076912619679950535,0.011483039154246704
1983-09-30,9.894713757377382e-05,0.0281911258338501,0.019610454838136407,0.014771511712180678,0.07077708129413557,0.046698689993540175,-0.010371712466679967,0.011624087887630238,0.02307618878680528,0.12430799531657134,-0.007691262049508148,0.011483038931774386
1983-12-31,9.894720650448219e-05,0.028191125678877323,0.01957957616565186,0.014715573569464265,0.07077708146118152,0.046698689796932036,-0.010371712715061043,0.011624086913700949,0.03057964554637441,0.12708704597838905,-0.007691262133679676,0.011483038710240015
1984-03-31,9.894725961975132e-05,0.02819112552358633,0.01954621405008796,0.014658830688694363,0.07077708157830101,0.046698689598244414,-0.010371712991108353,0.0116240859393574,0.04070069721922889,0.1291422090886767,-0.007691262212204633,0.011483038488549214
1984-06-30,9.894726758565009e-05,0.02819112536692061,0.01948987488375504,0.014603279538621835,0.0707770816752123,0.046698689398881096,-0.01037171331675081,0.011624084968666813,0.04778461566625901,0.13061640492804436,-0.007691262316324908,0.011483038267994487
1984-09-30,9.894731832249537e-05,0.02819112521258431,0.019428354171905686,0.014548099696056267,0.07077708166456273,0.046698689202834855,-0.010371713577387375,0.011624084000381629,0.047165576124568426,0.13273702583632963,-0.007691262403529296,0.011483038048159535
1984-12-31,9.894741834469423e-05,0.028191125058306236,0.019392939622035494,0.014493309160094642,0.07077708168667284,0.046698689005993346,-0.010371713770507484,0.011624083034813633,0.04679608122798054,0.13450294686800737,-0.007691262490442071,0.011483037828613029
1985-03-31,9.894755585117265e-05,0.028191124903277034,0.01936492512819097,0.014437695470542371,0.07077708171766506,0.04669868880796834,-0.010371713954155553,0.01162408206855053,0.042926156659160455,0.13559458451054648,-0.007691262587237232,0.01148303760893185
1985-06-30,9.894738421670213e-05,0.028191124748672004,0.019238787829515477,0.014382756511947405,0.07077708167086769,0.046698688612270896,-0.010371714247578302,0.011624081105261157,0.04718606203435389,0.13676950712977667,-0.007691262648139859,0.011483037390515843
1985-09-30,9.894738364122496e-05,0.028191124596588558,0.019097704075951585,0.014327732482526083,0.07077708165668205,0.04669868841956385,-0.010371714551963604,0.011624080143268167,0.05514645750141642,0.13877399984760333,-0.0076912627138740475,0.011483037172539281
1985-12-31,9.89473330857138e-05,0.028191124444130706,0.01893158816381467,0.01427309776590014,0.07077708161752248,0.04669868822612052,-0.010371714908427435,0.011624079183931645,0.06487894728470696,0.14034680227704577,-0.007691262766791778,0.011483036955294942
1986-03-31,9.89472742830011e-05,0.028191124291190563,0.01876308043040751,0.014217751476837018,0.07077708158078944,0.04669868803235269,-0.010371715261164843,0.011624078224325225,0.06871241403296892,0.14161832689401405,-0.0076912628444233,0.011483036738019163
1986-06-30,9.894724200359278e-05,0.02819112413727037,0.018623346973679074,0.014163672682874376,0.07077708156163831,0.04669868783709436,-0.010371715538313375,0.01162407726996977,0.07434238636089766,0.1422921795483559,-0.0076912628964357025,0.011483036522136525
1986-09-30,9.894726078155808e-05,0.028191123982238227,0.018474173618201875,0.01410982937866053,0.07077708151474635,0.04669868764228373,-0.01037171579594689,0.01162407631845895,0.07976393075237889,0.14263915710575711,-0.0076912629481487044,0.011483036306843686
1986-12-31,9.894720296465404e-05,0.02819112383002034,0.018298412819739297,0.01405643590451866,0.07077708142367398,0.046698687449611295,-0.010371716125525192,0.01162407537084733,0.0833718514122675,0.14351801024167776,-0.007691263013054606,0.011483036092642432
1987-03-31,9.894708896536486e-05,0.028191123680001064,0.018109058436717652,0.014002113644532356,0.07077708134847929,0.04669868725916403,-0.010371716442022139,0.011624074422527053,0.08137976894001157,0.14477898082569982,-0.007691263096817218,0.01148303587823358
1987-06-30,9.894701715611187e-05,0.028191123529922917,0.01795790829770237,0.013950623890607722,0.0707770814211625,0.046698687068741834,-0.010371716324112356,0.011624073483989627,0.08247903537733692,0.14604999136562544,-0.007691263151471237,0.011483035666178913
1987-09-30,9.894690366887143e-05,0.02819112337891972,0.01782086462815035,0.013899378282181738,0.07077708147084263,0.046698686878025905,-0.010371716179590044,0.011624072548311114,0.08531725920192897,0.1469299552538795,-0.007691263215263374,0.011483035454717894
1987-12-31,9.894679333485867e-05,0.028191123227974683,0.017685507165833038,0.01384784316950548,0.07077708151132027,0.04669868668667632,-0.010371716090656916,0.011624071614984334,0.08800784603548008,0.1474882062885778,-0.007691263280497877,0.011483035243387342
1988-03-31,9.894673707570856e-05,0.0281911230767007,0.01757162582448662,0.013795446719340548,0.07077708155806893,0.04669868649517277,-0.010371715990974409,0.011624070681037792,0.09014303122855266,0.14779947641322502,-0.007691263348376025,0.011483035031816354
1988-06-30,9.89466636049513e-05,0.028191122925068642,0.0174302179049641,0.013743841618396832,0.07077708159338326,0.04669868630313938,-0.010371715963274967,0.011624069750878081,0.0925257290179202,0.14775429664399747,-0.007691263409327835,0.011483034821086657
1988-09-30,9.894655022583965e-05,0.028191122776282208,0.017293387147451544,0.013692126437330556,0.07077708163936465,0.04669868611678326,-0.010371715938230861,0.011624068822520813,0.09413083764908503,0.14889082766866812,-0.007691263467698014,0.011483034610663268
1988-12-31,9.894643420700622e-05,0.028191122628200907,0.017155130889116924,0.013640914656138772,0.07077708171014682,0.04669868593046687,-0.01037171585342189,0.011624067898246843,0.09861702911650384,0.15001563608163862,-0.007691263502767638,0.011483034400976828
1989-03-31,9.894631176243784e-05,0.028191122479749035,0.017014568871454888,0.013588858376719944,0.07077708179645052,0.04669868574377433,-0.010371715748039075,0.011624066973533633,0.10155434135224778,0.15081654446273451,-0.007691263544289208,0.01148303419117226
1989-06-30,9.894621834123651e-05,0.028191122331021768,0.016902743664088157,0.013537136679763561,0.07077708182006504,0.04669868555694496,-0.010371715877555249,0.01162406605159152,0.10425678207964122,0.15131394880627333,-0.00769126358936357,0.011483033982510415
1989-09-30,9.894612682292969e-05,0.0281911221821625,0.016791746625027665,0.013485612150826578,0.07077708184667722,0.046698685369619054,-0.010371716019539904,0.0116240651320278,0.10614492688782472,0.15152492388723815,-0.007691263627152373,0.011483033774669677
1989-12-31,9.894602393059615e-05,0.02819112203278063,0.01667540554402144,0.01343360978606248,0.07077708188460412,0.04669868518200656,-0.010371716137751152,0.011624064212865272,0.10993100683671005,0.15137767006680025,-0.00769126365088163,0.011483033567065596
1990-03-31,9.894594483568497e-05,0.028191121885438937,0.016559399065366666,0.013380830949675019,0.07077708189101793,0.046698684997642445,-0.010371716257607314,0.011624063293660088,0.11208641755955158,0.15202418502728599,-0.007691263674988491,0.011483033359455958
1990-06-30,9.894578260304099e-05,0.02819112173879589,0.016402810733037156,0.013328678262806827,0.07077708192776555,0.0466986848142426,-0.010371716321285506,0.01162406237835419,0.11249878754217826,0.15279553004392707,-0.007691263714667697,0.011483033152906755
1990-09-30,9.894562944724739e-05,0.028191121592863806,0.016245781784030668,0.013276012605534878,0.07077708197501258,0.0466986846309152,-0.01037171639054733,0.011624061463702387,0.11249689107973981,0.1535494548205458,-0.007691263753480082,0.011483032946601253
1990-12-31,9.894548151892502e-05,0.028191121446624702,0.016097027467227812,0.013223315814709395,0.07077708201051024,0.04669868444711908,-0.01037171653250217,0.011624060551051172,0.1123010442211546,0.15398686029365818,-0.007691263794999807,0.011483032740769625
1991-03-31,9.894534485974105e-05,0.02819112130065642,0.015953844626051344,0.013169957547946216,0.07077708206979837,0.04669868426393387,-0.010371716634003075,0.011624059638673837,0.1111878861369315,0.15442103345807398,-0.0076912638424057765,0.011483032534988
1991-06-30,9.894520733960688e-05,0.028191121154405037,0.0158094336124822,0.013116161999275473,0.07077708212703174,0.046698684080454265,-0.010371716746959962,0.011624058726988936,0.11100914230187407,0.15458150063944964,-0.007691263864722018,0.01148303232930704
1991-09-30,9.894503345078687e-05,0.028191121010206932,0.01567198660211857,0.013062126734216837,0.07077708220011744,0.04669868389987165,-0.010371716870224685,0.011624057816863105,0.1105739983368983,0.15541399777799808,-0.007691263885948332,0.011483032123989606
1991-12-31,9.89448941727672e-05,0.028191120866229876,0.01555969823046725,0.013007569613371848,0.07077708228630358,0.046698683719227446,-0.010371716954723432,0.011624056907887429,0.11095838854184764,0.1560953055762575,-0.007691263897757171,0.011483031918982955
1992-03-31,9.89447553552264e-05,0.028191120722270164,0.015441396461189829,0.012952063036449586,0.07077708237240274,0.04669868353859808,-0.010371717032843265,0.011624055998368146,0.11128834411408199,0.156616092239788,-0.007691263898660129,0.011483031713897028
1992-06-30,9.894461505627339e-05,0.028191120578225013,0.015314823427571914,0.012897454312934688,0.07077708245739564,0.04669868335788828,-0.010371717148405783,0.01162405509400809,0.11144911002082106,0.15695538281303753,-0.007691263917340679,0.011483031510234817
1992-09-30,9.894449991131038e-05,0.028191120435488586,0.015188576534119175,0.0128419680314484,0.07077708256452905,0.046698683178382515,-0.010371717262731438,0.011624054189609167,0.11238635151830055,0.15754141487636317,-0.007691263935901412,0.011483031306559258
1992-12-31,9.89443882859764e-05,0.028191120293012493,0.015061023630108639,0.012785511208824232,0.07077708267236896,0.04669868299924718,-0.01037171737682501,0.011624053284886998,0.11351627833606873,0.15808284102766929,-0.007691263954741576,0.01148303110278321
1993-03-31,9.89442733852347e-05,0.028191120150489034,0.014925893555029664,0.012728586189878386,0.07077708278035283,0.0466986828201581,-0.010371717490502363,0.011624052381339723,0.11508009824415248,0.15847810397482986,-0.007691263954947472,0.011483030899552635
1993-06-30,9.894415791714128e-05,0.028191120007959727,0.014820348371787615,0.01267203812166151,0.07077708288818851,0.04669868264107519,-0.010371717572877822,0.011624051482228857,0.11665114238142499,0.15871712356120896,-0.007691263961674048,0.011483030696822612
1993-09-30,9.894404920106348e-05,0.028191119865865442,0.014713969415115036,0.012614502515553062,0.07077708299212623,0.04669868246233579,-0.01037171765280357,0.011624050582858024,0.11875435410931778,0.15893674587012735,-0.007691263969131117,0.011483030494051976
1993-12-31,9.89439401722289e-05,0.028191119724139915,0.014608286468365567,0.012556750178012001,0.07077708309652919,0.04669868228426163,-0.010371717737759368,0.011624049685146813,0.12063227944455526,0.15914910602084378,-0.007691263985132307,0.011483030291919435
1994-03-31,9.894383114078531e-05,0.02819111958240306,0.014503492876487528,0.012498028990353661,0.07077708320044744,0.04669868210617874,-0.0103717178611556,0.011624048787318281,0.12251139222408158,0.1592040091667933,-0.007691264000833141,0.01148303009011012
1994-06-30,9.894372174136523e-05,0.028191119440713428,0.014398763097964114,0.012439111626218,0.07077708330519222,0.04669868192815298,-0.010371717978025113,0.011624047891911644,0.12390138673525744,0.15912830002798647,-0.007691264040755369,0.0114830298889961
1994-09-30,9.894361248233285e-05,0.028191119299034964,0.014294031717481594,0.012379096294263398,0.07077708340855768,0.04669868175010707,-0.01037171810159035,0.011624046996178047,0.12534687851054396,0.1589046279517451,-0.0076912640798229796,0.01148302968773389
1994-12-31,9.894350053486767e-05,0.028191119157283628,0.014190926537043572,0.012318394404009354,0.07077708351274481,0.046698681572311516,-0.010371718230354987,0.011624046101448508,0.12667437815744406,0.15857504879050416,-0.007691264115423359,0.011483029486142963
1995-03-31,9.894338817067333e-05,0.028191119015527115,0.01408477549219635,0.012256611557314875,0.0707770836159686,0.04669868139453006,-0.010371718389298578,0.011624045206216354,0.12801083439107894,0.15809006085155342,-0.007691264150131939,0.011483029284434792
1995-06-30,9.894327353410226e-05,0.028191118873940057,0.013981709527708948,0.01219436041580399,0.07077708372051134,0.046698681217126274,-0.010371718556285577,0.011624044312592934,0.1295885570379268,0.15754390987210054,-0.007691264189809109,0.011483029082802484
1995-09-30,9.894315925215724e-05,0.028191118732224442,0.013878535778128781,0.01213114003814633,0.07077708382438225,0.046698681039677656,-0.010371718722749348,0.011624043419144747,0.13082788031353626,0.15680389297114333,-0.007691264228394433,0.011483028881187475
1995-12-31,9.89430519328996e-05,0.028191118591322076,0.013778929425935987,0.012067068879264816,0.07077708391971146,0.046698680864242816,-0.010371718901887187,0.011624042526349389,0.13468717706385366,0.15646339823087768,-0.0076912642593978875,0.011483028680038589
1996-03-31,9.894297883963205e-05,0.028191118451780645,0.013681086528183502,0.012001916028521827,0.0707770840161395,0.046698680690141804,-0.010371719081189964,0.011624041633475806,0.1380840376480477,0.15645636235472288,-0.007691264290960887,0.01148302847885535
1996-06-30,9.894288381086247e-05,0.0281911183116247,0.013563169124762051,0.011936149570186587,0.07077708411213168,0.0466986805153595,-0.010371719259454426,0.011624040741968208,0.14212108388044226,0.15607025571170022,-0.007691264311411289,0.01148302827833778
1996-09-30,9.8942786666327e-05,0.028191118173492256,0.013445860542829344,0.011869677680839139,0.07077708421037428,0.046698680343235384,-0.010371719437643829,0.011624039851571606,0.14452510642734653,0.15634135157059476,-0.007691264327346068,0.011483028078201925
1996-12-31,9.894270138209593e-05,0.028191118035631783,0.013331535998962848,0.011802195815637205,0.07077708431420028,0.04669868017057739,-0.01037171960658408,0.01162403896148725,0.14750077650491877,0.15637727043656152,-0.007691264339673141,0.011483027877776041
1997-03-31,9.894261845554489e-05,0.028191117897300527,0.013218185518135219,0.011733604496868147,0.07077708440454145,0.04669867999717745,-0.010371719795673017,0.0116240380715067,0.15246426756134873,0.1560728813528583,-0.0076912643393753505,0.011483027677365025
1997-06-30,9.894253400780095e-05,0.02819111775906451,0.013106567615896448,0.011664567338152146,0.07077708454446847,0.046698679825204856,-0.01037171989873191,0.011624037183322175,0.15676367474805136,0.15580290710348688,-0.0076912643440082565,0.01148302747805205
1997-09-30,9.894246625750253e-05,0.028191117621039652,0.012993417539688582,0.011594529716750143,0.07077708468868397,0.04669867965284853,-0.010371720004479779,0.0116240362955664,0.16114582259442334,0.15541647965275787,-0.007691264348743947,0.011483027278945337
1997-12-31,9.89423752611393e-05,0.028191117482754657,0.012871090496077806,0.011523406148990915,0.07077708483298038,0.04669867948016363,-0.010371720109100977,0.011624035407838918,0.16356465523585834,0.15471117501101714,-0.007691264363126308,0.011483027079729053
1998-03-31,9.894233917592463e-05,0.02819111734467184,0.012758504616597988,0.01145100993284068,0.07077708496326661,0.046698679308182396,-0.010371720223594385,0.011624034519971538,0.16824981638527137,0.15404663713055688,-0.007691264373028143,0.011483026880637279
1998-06-30,9.894227821592369e-05,0.02819111720570702,0.012628216605308835,0.01137853003831516,0.07077708513987788,0.04669867913603149,-0.010371720195857529,0.011624033634451282,0.1710710947948492,0.15290326211738103,-0.007691264401485992,0.011483026682880941
1998-09-30,9.894222662327687e-05,0.02819111706863413,0.012497623728279034,0.011304923679903737,0.07077708520938629,0.04669867896525744,-0.010371720148114223,0.0116240327492336,0.16982164191758745,0.15228567598054327,-0.0076912644267477966,0.011483026485224482
1998-12-31,9.894220934158343e-05,0.028191116931470996,0.012374031217684829,0.011230018435399034,0.07077708529699824,0.04669867879363842,-0.010371720084135566,0.011624031864058615,0.1692738685563514,0.15139197294343565,-0.007691264450058794,0.011483026287475474
1999-03-31,9.894216157068161e-05,0.028191116794286063,0.012242716338794521,0.011153848452101621,0.07077708540478703,0.046698678621916824,-0.010371719998555434,0.011624030979225602,0.1698324302794182,0.15039446670145337,-0.007691264469889712,0.011483026089922079
1999-06-30,9.894206804195171e-05,0.028191116658799663,0.012095778998506335,0.011077010160416878,0.07077708549365785,0.04669867845386615,-0.010371719950056235,0.011624030095794732,0.1681338141804764,0.1499289739676205,-0.007691264505661237,0.011483025892882427
1999-09-30,9.89419865405558e-05,0.0281911165227028,0.011950638943579804,0.010998644992866116,0.070777085585491,0.04669867828447754,-0.01037171989791084,0.011624029211941616,0.17008870382582908,0.14905861114596305,-0.007691264532724381,0.01148302569568282
1999-12-31,9.894188583008112e-05,0.028191116386943858,0.011797796248962204,0.010918928515776903,0.07077708566699015,0.04669867811524274,-0.01037171986177636,0.011624028328265914,0.16608685994598896,0.14810599724666387,-0.0076912645922244515,0.011483025498298891
2000-03-31,9.894179648674631e-05,0.02819111625127043,0.011649395777775705,0.010837688266384047,0.07077708578225053,0.046698677945786034,-0.010371719757703663,0.011624027443872852,0.16551468484304976,0.14687822258330027,-0.007691264628493324,0.011483025300589584
2000-06-30,9.894170885064307e-05,0.028191116114960488,0.01152464233981021,0.010764969793624428,0.0707770859008084,0.04669867777558365,-0.010371719567808278,0.01162402659393747,0.16402520914037214,0.14522971306451532,-0.00769126473558982,0.01148302511254581
2000-09-30,9.894162403132484e-05,0.028191115983365857,0.01140669040266995,0.010696713626255417,0.07077708597907965,0.04669867761129588,-0.010371719282588916,0.011624025765519361,0.15994241087544753,0.14476870870527006,-0.007691264812972876,0.01148302493023615
2000-12-31,9.89415411843525e-05,0.028191115851073062,0.011289031631714672,0.010626995947257538,0.07077708600754423,0.046698677446056644,-0.010371719028205714,0.011624024937242199,0.1572484969381479,0.1438813620568107,-0.007691264886905947,0.011483024747815658
2001-03-31,9.894148060790586e-05,0.028191115718666514,0.011172320883431834,0.010555716935698605,0.07077708602655312,0.0466986772808728,-0.010371718775474692,0.011624024108892607,0.15397625518870534,0.14280091692470412,-0.007691264961081453,0.011483024565415579
2001-06-30,9.894142437159859e-05,0.028191115584715955,0.01105847714018858,0.010483283389957396,0.07077708603282942,0.046698677114383656,-0.010371718543690758,0.011624023281566878,0.1544514113591872,0.14104136113776655,-0.0076912650084787594,0.011483024383443969
2001-09-30,9.894131035959736e-05,0.02819111545500422,0.01094406664286459,0.01040922115364272,0.0707770860986317,0.04669867695397614,-0.01037171830977354,0.011624022454168177,0.1469421720567985,0.1407639886246045,-0.0076912650572341845,0.011483024201469601
2001-12-31,9.894117523535223e-05,0.02819111532536308,0.01082483075414108,0.010333458827944146,0.07077708623322221,0.046698676792153136,-0.010371718019089761,0.011624021626596892,0.14012561510087068,0.14013027034918815,-0.007691265103778601,0.011483024019164546
2002-03-31,9.894113070917088e-05,0.028191115199150317,0.010756318033858167,0.010259114690557673,0.07077708624453827,0.04669867663565724,-0.010371718010992997,0.011624020809387488,0.13577764346349022,0.14042312728477274,-0.0076912651416138084,0.01148302384017691
2002-06-30,9.894106031001215e-05,0.02819111507243477,0.010685586216757538,0.01018294107974454,0.07077708628768639,0.04669867647771614,-0.010371717991598313,0.011624019991890175,0.1314097658871243,0.14038047025843284,-0.007691265179094743,0.011483023661066717
2002-09-30,9.894100854063517e-05,0.028191114945267666,0.010619786625024928,0.010104950492968013,0.07077708631971863,0.04669867631938844,-0.010371717983513789,0.011624019173718941,0.12774458077396622,0.13986823664151174,-0.007691265212404108,0.011483023481777821
2002-12-31,9.894094921896607e-05,0.02819111481725063,0.01054839843634912,0.01002534210937575,0.07077708635778437,0.04669867615980978,-0.010371717951657061,0.01162401835636681,0.12447832793549554,0.13885117563620994,-0.007691265238420433,0.011483023302361983
2003-03-31,9.894085061115318e-05,0.02819111469000267,0.010472619823793747,0.009943798216446689,0.0707770864199335,0.04669867600234477,-0.010371717909684806,0.011624017538598952,0.12074807743599134,0.13800131010036293,-0.007691265265310002,0.011483023123019541
2003-06-30,9.894079370342812e-05,0.02819111456344578,0.010412115217224962,0.009860785238388165,0.070777086475887,0.046698675845559506,-0.010371717879248505,0.011624016722452243,0.11920985147829133,0.13719331025747597,-0.007691265282373153,0.011483022943695591
2003-09-30,9.894070989634532e-05,0.028191114436587304,0.010347914801116416,0.009775779057408139,0.07077708652021741,0.0466986756875427,-0.010371717854113793,0.011624015906267462,0.11834453082334656,0.13602349931026686,-0.007691265297772918,0.011483022764455106
2003-12-31,9.894059517471035e-05,0.028191114311932997,0.010279446053987326,0.009688792846831464,0.07077708657078326,0.04669867553487773,-0.01037171782955008,0.011624015089607764,0.11387598245471708,0.13536788761326832,-0.0076912653213691085,0.011483022585677021
2004-03-31,9.894046922764507e-05,0.028191114188051584,0.010208828742576347,0.009599751450626675,0.0707770866385466,0.046698675382029375,-0.010371717793654417,0.011624014272846855,0.11320006339956788,0.13458807643399917,-0.007691265336810447,0.0114830224065111
2004-06-30,9.894032871944625e-05,0.02819111406525482,0.010159289677140335,0.009509016663785457,0.07077708671453023,0.04669867523052824,-0.010371717793510787,0.011624013457570727,0.11398851766460746,0.13384100307958913,-0.0076912653750662585,0.011483022227818272
2004-09-30,9.894016552684792e-05,0.028191113942983702,0.010111034518882761,0.009416212939430277,0.07077708682070699,0.04669867508032287,-0.010371717799856687,0.011624012642555876,0.1178416686610145,0.13311113604195696,-0.007691265415572596,0.011483022049114677
2004-12-31,9.894000665165714e-05,0.028191113823486064,0.010063592109386487,0.009321404769393056,0.07077708691555792,0.04669867493238068,-0.010371717821239254,0.011624011828233466,0.12179265370884426,0.13282371881884186,-0.00769126545825261,0.011483021869839863
2005-03-31,9.893983102913367e-05,0.028191113703637957,0.010010592645396395,0.009224355100872888,0.07077708700168377,0.0466986747845486,-0.010371717854742547,0.011624011013874062,0.12446253712714933,0.13221701632914964,-0.007691265506886203,0.011483021690781954
2005-06-30,9.89396793022318e-05,0.02819111358362003,0.009968629295394604,0.009125115495375445,0.07077708709181174,0.04669867463640544,-0.010371717881015843,0.011624010200438314,0.12685117629218912,0.1313169937993177,-0.007691265557299344,0.011483021512146982
2005-09-30,9.893952248000298e-05,0.028191113463249155,0.009927725799822214,0.009023507135255857,0.07077708718191808,0.04669867448785956,-0.010371717908029114,0.01162400938725918,0.12893681977334603,0.13001501122308445,-0.007691265607300087,0.011483021333532269
2005-12-31,9.893936164848127e-05,0.028191113342652712,0.009885920956546225,0.008919397701446239,0.07077708728431278,0.04669867433912963,-0.010371717922984707,0.011624008574126066,0.13324841882166755,0.1284025171374032,-0.007691265649826723,0.011483021154894578
2006-03-31,9.893919242760091e-05,0.028191113222892014,0.009842913962944976,0.008812684380838287,0.07077708743803439,0.0466986741918901,-0.01037171790914761,0.011624007760874678,0.13625444096565914,0.12677923922544915,-0.007691265695498471,0.01148302097627886
2006-06-30,9.89390125696113e-05,0.02819111310316349,0.009795312537048732,0.008703517666592228,0.07077708748804104,0.04669867404381495,-0.01037171808271571,0.01162400694886035,0.13813021798972192,0.12481136370667925,-0.007691265748349524,0.011483020797420035
2006-09-30,9.893879973982278e-05,0.028191112983181173,0.009741978942749786,0.008591554923099836,0.07077708759791662,0.04669867389583999,-0.010371718214660534,0.011624006136763782,0.13903202973874373,0.1224798345871419,-0.007691265803225634,0.011483020618667515
2006-12-31,9.89385903377854e-05,0.02819111286336171,0.00968881809170891,0.008476685239817833,0.07077708770644464,0.04669867374815649,-0.010371718346844484,0.011624005324562528,0.14535464662245767,0.11985391450785504,-0.007691265854103148,0.011483020439802807
2007-03-31,9.893842302315103e-05,0.028191112743812752,0.009634117873320934,0.008358819580404802,0.07077708782384488,0.04669867360043357,-0.010371718480438153,0.011624004512426612,0.14924567006816047,0.11695144201629488,-0.007691265903725097,0.011483020260930092
2007-06-30,9.893826663118915e-05,0.02819111262430986,0.009582840896084605,0.008238074999500442,0.07077708795570044,0.046698673453584714,-0.010371718600329833,0.011624003701565461,0.15340062424470588,0.11372859373719231,-0.007691265953716797,0.011483020082990977
2007-09-30,9.893808196415055e-05,0.028191112504526487,0.009535062163814794,0.00811413853671633,0.07077708808969994,0.04669867330600428,-0.010371718721998215,0.011624002891087903,0.15404107760673746,0.11000906391341113,-0.007691265997603949,0.011483019905191655
2007-12-31,9.893787065112097e-05,0.02819111238537954,0.009484393960363604,0.007986772883025878,0.07077708818802686,0.04669867315945169,-0.010371718860148973,0.011624002080519351,0.15082433457147912,0.10597268875466781,-0.007691266048305976,0.011483019727269858
2008-03-31,9.893766267123766e-05,0.028191112267655936,0.009433734067173198,0.007855792137667567,0.07077708826210426,0.04669867301441437,-0.010371718998636485,0.011624001269936143,0.14696251504358943,0.10168586087872508,-0.007691266099068514,0.011483019549341968
2008-06-30,9.893745328127396e-05,0.028191112148988902,0.00938242007923007,0.007720911469514715,0.07077708832166149,0.04669867286816303,-0.010371719153554967,0.011624000459024841,0.14232569652997132,0.09653990057534956,-0.0076912661523202835,0.011483019371497934
2008-09-30,9.893728687149564e-05,0.028191112036203975,0.009329478462852796,0.007582240000261681,0.07077708839647384,0.04669867272885238,-0.010371719310092193,0.01162399964900677,0.13606559271278595,0.09217489745865323,-0.007691266203245598,0.011483019194017726
2008-12-31,9.893712759565659e-05,0.0281911119240348,0.009277434872323525,0.007438816710717831,0.07077708848364483,0.04669867258983754,-0.01037171945327145,0.011623998836174277,0.12876708778717225,0.08708120581428834,-0.007691266257052309,0.011483019015733321
2009-03-31,9.893699395806949e-05,0.028191111813436535,0.00928065728965654,0.007286423873880138,0.07077708857754625,0.04669867245317887,-0.01037171953786328,0.011623997994294283,0.12330379238716903,0.08132358261384966,-0.007691266253857924,0.011483018832414817
2009-06-30,9.893697281461444e-05,0.02819111175688506,0.009325026871757819,0.0073807402587030505,0.07077708872684489,0.04669867238627216,-0.010371720257473016,0.011623998442850754,0.11173045024205122,0.08136829355174552,-0.0076912658605586045,0.01148301892128038
2009-09-30,9.893693114094125e-05,0.02819111171407996,0.009373747624779827,0.0074720328270506545,0.0707770889776853,0.046698672338988494,-0.010371721013006463,0.011623998900075368,0.10045419366010297,0.08247953020018162,-0.007691265465987213,0.011483019011583821
2009-12-31,9.893689356264184e-05,0.02819111167201408,0.009424987248942942,0.007557446583192055,0.07077708922575504,0.046698672292789095,-0.010371721778861698,0.011623999349702738,0.09100183939033313,0.08266489331111387,-0.007691265044690121,0.011483019099785722
2010-03-31,9.893687329678028e-05,0.028191111632131536,0.00945904632822656,0.007638379473806601,0.0707770894563873,0.04669867225058897,-0.010371722447774246,0.011623999798806921,0.07722430917057828,0.08263698210177485,-0.007691264540952232,0.011483019194115419
2010-06-30,9.893679140954292e-05,0.028191111600274234,0.009569833050978853,0.007722056801655327,0.07077708967190215,0.04669867221698973,-0.010371723010625972,0.011624000278331182,0.07019498665302353,0.08291417463956542,-0.007691264121934343,0.01148301929704906
2010-09-30,9.893671809589784e-05,0.028191111568853542,0.00967161654688009,0.007801486707577897,0.0707770898648899,0.04669867218437685,-0.010371723474394036,0.011624000756757102,0.062076910789573184,0.08220660774235271,-0.0076912636871702775,0.011483019398803003
2010-12-31,9.893665111156309e-05,0.02819111154642036,0.00977416921352918,0.007879331169498448,0.07077709016073205,0.046698672164184,-0.010371724062509118,0.011624001246559757,0.046934524416148454,0.08211388788479514,-0.007691263214966647,0.011483019504239937
2011-03-31,9.893666391606838e-05,0.028191111526802377,0.009857069144297369,0.007954414741586582,0.07077709019163794,0.04669867214771576,-0.010371724363298243,0.011624001740481492,0.03831814820801027,0.08144128328787133,-0.007691262767387845,0.011483019610543257
2011-06-30,9.893665937527876e-05,0.028191111507619306,0.009922060256763876,0.008025321130208915,0.07077709024037307,0.04669867213204424,-0.010371724597298274,0.011624002231234864,0.030162711396902547,0.07974443602787597,-0.007691262314433471,0.011483019715444999
2011-09-30,9.893667463195359e-05,0.028191111505057338,0.009991524160522833,0.00811198153724054,0.07077709025789411,0.04669867214011052,-0.010371724570444659,0.011624002810839106,0.029722775540428355,0.07988037896935545,-0.007691262003124238,0.011483019841343893
2011-12-31,9.893668736189482e-05,0.028191111503987468,0.01007586378263998,0.008199647219535814,0.07077709027529824,0.04669867214971602,-0.010371724518602363,0.01162400340716807,0.030268038001477524,0.07913515352894689,-0.0076912617466992315,0.01148301997430453
2012-03-31,9.893666538573868e-05,0.028191111533619605,0.010161111529860378,0.008284150242568265,0.07077709035664723,0.0466986721980159,-0.010371724467793941,0.01162400400418952,0.0225848524759405,0.08286650900035691,-0.007691261487786814,0.011483020107403744
2012-06-30,9.893664133585616e-05,0.028191111562795208,0.010246814138425184,0.008365597890667003,0.070777090444497,0.046698672244581275,-0.010371724420557542,0.011624004601887446,0.01889564143573615,0.08539797227418867,-0.007691261233521863,0.011483020240737848
2012-09-30,9.893661992468704e-05,0.028191111591289147,0.01033310196111395,0.008443946352073482,0.07077709051969289,0.04669867229110228,-0.010371724382156519,0.01162400519932323,0.01755459269736682,0.08677067233509728,-0.007691260973498162,0.011483020373928605
2012-12-31,9.893662660411038e-05,0.028191111622583084,0.010416345038700581,0.008519610228153974,0.07077709061468082,0.04669867234121054,-0.01037172435241652,0.011624005798448833,0.012514025254615091,0.08778415881540577,-0.00769126070697607,0.011483020507678484
2013-03-31,9.893663748610757e-05,0.02819111165905586,0.010499742934111836,0.008592592794342446,0.0707770907124555,0.046698672396399576,-0.010371724321959857,0.01162400639853835,-0.00019699436022291295,0.08902090465082056,-0.007691260432598062,0.011483020641725636
2013-06-30,9.893664287578005e-05,0.028191111699725907,0.010580515992883427,0.008662431350727605,0.07077709079207123,0.04669867245879996,-0.010371724329295435,0.011624006996734215,-0.006805022616401216,0.09038064494064284,-0.007691260127690773,0.011483020776139313
2013-09-30,9.893664498624756e-05,0.02819111174623571,0.010670204528775705,0.008733169450542283,0.07077709085627877,0.046698672530104804,-0.01037172422180244,0.011624007613243843,-0.012836403268026708,0.09209836796997525,-0.007691259838514652,0.011483020913315274
2013-12-31,9.893665803979278e-05,0.028191111796217274,0.010749918484389595,0.00880309082093476,0.07077709092950148,0.04669867260480626,-0.01037172413648347,0.011624008235796695,-0.014807673724812922,0.09374188542397685,-0.007691259614538783,0.011483021053652787
2014-03-31,9.893667431553135e-05,0.028191111847739814,0.010832592002153339,0.008872351257563115,0.07077709099459062,0.046698672682816945,-0.01037172399254395,0.011624008867004118,-0.020516889545845917,0.09506544817833779,-0.007691259335997889,0.011483021192906132
2014-06-30,9.893668983780406e-05,0.028191111899453482,0.010917183516429153,0.008939575514811882,0.07077709106492883,0.04669867276078715,-0.010371723928744173,0.011624009499793933,-0.02618286432605999,0.09571771865740478,-0.00769125905938008,0.011483021333419738
2014-09-30,9.893670547758259e-05,0.028191111951153855,0.011004508520585007,0.009004389051252141,0.07077709113489478,0.04669867283873308,-0.010371723893227408,0.011624010133222904,-0.03182584564244378,0.095696434592303,-0.0076912587758642455,0.011483021474799685
2014-12-31,9.893672719911081e-05,0.02819111200391957,0.011093178042881598,0.00906646876738306,0.07077709120847266,0.04669867291741845,-0.010371723854666044,0.01162401076620873,-0.037393293075082636,0.09526899341828442,-0.007691258491327906,0.01148302161619103
2015-03-31,9.89367475902371e-05,0.028191112056229067,0.011179082998216218,0.009126418710267975,0.07077709128091418,0.04669867299584413,-0.010371723822771219,0.011624011398783163,-0.04316464066339468,0.09402693436460324,-0.007691258215791032,0.011483021757886578
2015-06-30,9.893681136083528e-05,0.028191112121772832,0.011258981984628656,0.00918517863667216,0.0707770913789947,0.04669867309097384,-0.010371723794585935,0.011624012035905865,-0.05072692918662994,0.09512568898304999,-0.007691257938287559,0.011483021901107959
2015-09-30,9.89368658196009e-05,0.028191112185616558,0.011335096291262295,0.00924225260070113,0.07077709144605239,0.04669867318317594,-0.010371723817725165,0.011624012676646953,-0.06214962731440736,0.09514403963446774,-0.00769125768585916,0.011483022045570437
2015-12-31,9.893693036696835e-05,0.028191112251900723,0.011409177156336239,0.009297884439803466,0.07077709141387956,0.046698673278192646,-0.010371723735750253,0.011624013321009546,-0.06990449153163387,0.09502123795767949,-0.00769125744664923,0.011483022191637781
2016-03-31,9.893698710520225e-05,0.028191112316832363,0.011474539789720772,0.009352391584091738,0.07077709144803426,0.04669867337138563,-0.010371723283264998,0.011624013969677886,-0.07635559298716282,0.0937732960703755,-0.007691257190465523,0.011483022338228831
2016-06-30,9.893707689622756e-05,0.028191112397134004,0.011534549822288643,0.009407132381931934,0.07077709128644671,0.046698673484379026,-0.01037172261096029,0.011624014627829271,-0.09761162458925139,0.09531300967395838,-0.007691256891533735,0.011483022488109357
2016-09-30,9.893716972353243e-05,0.028191112475690287,0.011595540002411132,0.00946019558521015,0.07077709108337464,0.04669867359627221,-0.010371721967357944,0.011624015287751064,-0.11396960946083223,0.09578362024525859,-0.007691256582183486,0.011483022638599998
2016-12-31,9.893726678132479e-05,0.028191112554648443,0.011656287533111653,0.009511286927145857,0.07077709084437717,0.04669867370749104,-0.010371721300913572,0.0116240159478994,-0.13437191201728899,0.09571251664985422,-0.007691256267323246,0.011483022788583937
2017-03-31,9.893736702905331e-05,0.028191112635338328,0.011717272135594068,0.009560596360797365,0.07077709061814397,0.046698673821462706,-0.010371720641645975,0.01162401660922266,-0.1434063473887118,0.09548427275574536,-0.007691255986983267,0.011483022938442654
2017-06-30,9.89374341216643e-05,0.028191112727764797,0.01179239693967694,0.009611335864524496,0.07077709041117503,0.04669867394840969,-0.01037171999352255,0.011624017284082013,-0.16157158004799882,0.09706147457543181,-0.007691255678769054,0.01148302309416808
2017-09-30,9.893750033621203e-05,0.02819111282394266,0.011883588583483594,0.009669535297466865,0.07077709021082285,0.04669867408002985,-0.010371719371103668,0.01162401799257504,-0.18073289905148054,0.09874320274839461,-0.007691255391413835,0.011483023259656689
2017-12-31,9.893756983943812e-05,0.02819111292193316,0.011975801616896955,0.009726787476767272,0.0707770900222374,0.04669867421501622,-0.01037171875984548,0.011624018705080208,-0.19848063047181144,0.10041436668279649,-0.007691255114997987,0.01148302342592667
2018-03-31,9.893763819080088e-05,0.028191113019119158,0.01206720289070267,0.009783035990062106,0.07077708982898409,0.0466986743487246,-0.010371718168132045,0.0116240194223767,-0.21640485281915076,0.10129502868456981,-0.007691254848364126,0.011483023593589674
2018-06-30,9.893770855545422e-05,0.028191113116239116,0.012158462363544679,0.009837359552012771,0.07077708962444984,0.04669867448403685,-0.010371717571523005,0.011624020140023233,-0.23068613206006203,0.10163520248605336,-0.007691254586379896,0.011483023761230962
2018-09-30,9.893777393660437e-05,0.028191113213539527,0.01225023776452768,0.009889714325302907,0.07077708945947092,0.04669867461810431,-0.010371717005378587,0.011624020857224786,-0.2559282716785093,0.10137001242397475,-0.007691254295088608,0.01148302392900085
2018-12-31,9.893783011531189e-05,0.028191113313437884,0.012346085365986633,0.00994110650766396,0.07077708926702406,0.046698674755453154,-0.010371716392810582,0.011624021578318069,-0.27517109549048513,0.10109790205763117,-0.0076912540407584155,0.011483024098545604
2019-03-31,9.893789369375735e-05,0.028191113412342476,0.012439614010737773,0.009990669874009761,0.07077708907080157,0.04669867489084257,-0.010371715778337325,0.011624022298913385,-0.29031747329405827,0.10003417946835823,-0.0076912538039077185,0.011483024268133565
2019-06-30,9.893797472803646e-05,0.028191113513925965,0.012526103955698208,0.01003968650641766,0.07077708886601988,0.04669867503083076,-0.010371715143490797,0.01162402302636456,-0.3082408232214298,0.09888006790395712,-0.007691253557671518,0.011483024440440201
2019-09-30,9.89380480647447e-05,0.02819111361343013,0.012613372822148822,0.010086846970257139,0.07077708866035146,0.0466986751678841,-0.010371714509336256,0.01162402375341142,-0.322030589260401,0.09672251720666594,-0.007691253315048177,0.011483024612671163
2019-12-31,9.893811732433234e-05,0.028191113715479374,0.012704057766990559,0.010133592537755406,0.07077708840007671,0.04669867531036902,-0.010371713813503223,0.01162402448576167,-0.33889277292933007,0.09468030398002632,-0.007691253072047254,0.011483024785946195
2020-03-31,9.893820689985122e-05,0.028191113818210392,0.01279270320506274,0.010179981760646113,0.07077708808602645,0.046698675452938244,-0.010371713076625579,0.011624025222275475,-0.3416209470666026,0.09228177701538956,-0.007691252873242924,0.011483024960053316
2020-06-30,9.893830031006308e-05,0.028191113919281502,0.012894453683036135,0.010225841295315825,0.0707770877838034,0.0466986755934159,-0.010371712177637021,0.011624025960395757,-0.35148497943374907,0.08863886858545211,-0.007691252997998721,0.011483025134873584
2020-09-30,9.89384271886367e-05,0.02819111401682113,0.013058358113658044,0.010275362791695865,0.07077708761051384,0.046698675728018925,-0.010371710369073257,0.011624026719778502,-0.36815280986909377,0.08336959928741523,-0.007691253364922176,0.01148302531527882
2020-12-31,9.89384974037829e-05,0.028191114166683698,0.013240233403144223,0.010375846393490594,0.07077708741280586,0.04669867593290542,-0.010371709125647728,0.011624027669891871,-0.3632408492450839,0.08729628015339651,-0.00769125303554399,0.01148302554802584
2021-03-31,9.893863701816198e-05,0.028191114319390465,0.013416371382071947,0.010478218484280875,0.07077708728819843,0.04669867614067532,-0.010371707936963716,0.01162402863309295,-0.3463803020267079,0.0911450661954393,-0.0076912527459820045,0.011483025783485604
2021-06-30,9.893881668200438e-05,0.028191114469386994,0.013640312216209847,0.01057850653967425,0.07077708718817437,0.04669867634573362,-0.010371706609343593,0.011624029593167585,-0.3268922542211018,0.093647837473938,-0.007691252445572545,0.011483026018405595
2021-09-30,9.893890582216361e-05,0.028191114617730075,0.01358292606112316,0.01068590464950908,0.07077708698491948,0.04669867654831081,-0.010371706607849782,0.01162403058368699,-0.30792762778658805,0.09499570731557391,-0.00769125223979223,0.011483026260376599
2021-12-31,9.893904576470901e-05,0.02819111476951809,0.013539155770954348,0.010791050456280125,0.07077708687078978,0.04669867675621816,-0.010371706515917522,0.011624031570899649,-0.29034439331931816,0.09649284938733282,-0.007691252031511041,0.011483026501555142
2022-03-31,9.893919320774595e-05,0.028191114919205444,0.013507493089626095,0.010896845416333636,0.07077708676876279,0.046698676961484276,-0.010371706335215322,0.011624032567164504,-0.27281678887379823,0.09689715377398582,-0.007691251847689283,0.011483026746616208
2022-06-30,9.893930267393727e-05,0.028191115073089097,0.013474666232294685,0.011001238594698818,0.07077708667291402,0.04669867717142164,-0.010371706154727234,0.011624033563505389,-0.2638876541580483,0.09781302109818503,-0.007691251666146864,0.011483026991700791
2022-09-30,9.893934574127343e-05,0.02819111523515181,0.013462647984164404,0.011105512241207522,0.07077708652642888,0.04669867739195579,-0.010371705896882919,0.01162403456520214,-0.2619430410620136,0.0997431894053982,-0.007691251472095976,0.011483027239163824
2022-12-31,9.893937656983015e-05,0.028191115406314922,0.013463917377256523,0.011218301967812828,0.07077708641272851,0.04669867761754798,-0.01037170575420093,0.011624035600215117,-0.2566665246484598,0.10251343236145344,-0.007691251362111535,0.011483027502636375
2023-03-31,9.893940598109264e-05,0.02819111557761751,0.01346055171798377,0.011329763258317941,0.07077708630138883,0.0466986778431355,-0.01037170557704043,0.011624036635628714,-0.2518132886649179,0.10481611538166719,-0.007691251270941215,0.011483027765949122
2023-06-30,9.893941322795959e-05,0.028191115750159527,0.013456753764504224,0.01143994378606574,0.07077708619367734,0.046698678070252214,-0.010371705399788935,0.01162403767104054,-0.24655014228536698,0.10713479999249279,-0.007691251179341507,0.011483028029273014
2023-09-30,9.893939998424249e-05,0.028191115935067654,0.013456550786914425,0.011549668914093638,0.07077708609885758,0.04669867831138934,-0.010371705218290313,0.011624038710837989,-0.24432121110542893,0.11128824434888973,-0.007691251093742893,0.011483028294771776
2023-12-31,9.893939397352994e-05,0.028191116120494877,0.013455225717019383,0.011658191257495875,0.07077708597654638,0.04669867855337695,-0.010371705020842151,0.011624039750770738,-0.24314753154941843,0.11513106041633749,-0.00769125100643532,0.011483028560296128
2024-03-31,9.893938732140513e-05,0.028191116305847124,0.013452021459795252,0.01176569150642737,0.07077708585475284,0.04669867879524837,-0.010371704816465453,0.011624040791514724,-0.24210924910946077,0.11858530022595902,-0.0076912509252813205,0.011483028826052543
2024-06-30,9.893936878442198e-05,0.028191116494006057,0.013461694442635005,0.011874805769682133,0.07077708574650293,0.046698679041208675,-0.010371704641675677,0.011624041840445805,-0.2405422722262791,0.12259529903090809,-0.0076912508716773745,0.011483029093681688
2024-09-30,9.893934555257173e-05,0.028191116682371564,0.013469554737359722,0.011982799364010933,0.0707770856408475,0.04669867928819979,-0.010371704465942015,0.01162404288956695,-0.24203514705117815,0.12650955370120442,-0.00769125082671619,0.011483029361647063
2024-12-31,9.893931534325252e-05,0.028191116872624187,0.013480183167641286,0.01209043811432836,0.07077708550356841,0.046698679535771455,-0.010371704239693476,0.01162404394049065,-0.2451592185834799,0.13050757090934348,-0.007691250776196666,0.011483029630740823
2025-03-31,9.893929514479178e-05,0.02819111706497192,0.013490195225310024,0.012198027334752464,0.07077708557176093,0.04669867978853616,-0.010371704245584153,0.011624044994509468,-0.24088619249256402,0.1351426692379866,-0.007691250764750703,0.011483029900040057
2025-06-30,9.893928053282997e-05,0.02819111725740818,0.0135006095006012,0.01230464573300081,0.07077708556905671,0.04669868004135814,-0.0103717042673329,0.011624046048579398,-0.23810168924618835,0.13948753885538778,-0.007691250754515482,0.011483030169348315
2025-09-30,9.893926421953138e-05,0.028191117449497455,0.01350792748380627,0.012411994263732429,0.07077708556677455,0.046698680293539595,-0.010371704276088434,0.011624047108165546,-0.23514562222293167,0.1434496914796156,-0.007691250748719789,0.011483030439701987
2025-12-31,9.893923547273065e-05,0.02819111764155665,0.013516061920085597,0.012518346678551513,0.07077708555855015,0.04669868054621749,-0.010371704282940304,0.011624048167729557,-0.23333419438358305,0.14719387718754307,-0.007691250741548902,0.011483030710075004
2026-03-31,,,,,0.07077708556895597,0.046698680804741786,-0.010371704311363866,0.011624049234590374,,,,
2026-06-30,,,,,0.07077708556167872,0.04669868106401805,-0.010371704319616247,0.011624050302941696,,,,
